-2.013483810424804688e+01,-1.664176940917968750e+01,1.735458970069885254e+00,1.286676219662409304e+00,-9.489625723971841786e-01,2.481929187649762614e-01
-2.093289566040039062e+01,-1.639877891540527344e+01,1.587640047073364258e+00,1.320734038556308665e+00,-1.011257231842856985e+00,2.431271570065322574e-01
-1.862560081481933594e+01,-1.739366531372070312e+01,1.836092948913574219e+00,1.310149910559982089e+00,-9.951500574354711359e-01,2.305826721363396781e-01
-1.785749435424804688e+01,-1.756878089904785156e+01,1.790984034538269043e+00,1.366907830647774658e+00,-9.843165241358092787e-01,1.619536328921613033e-01
-1.704042625427246094e+01,-1.771471023559570312e+01,1.846034049987792969e+00,1.358313514278391754e+00,-1.002544051818895277e+00,1.501376330098779521e-01
-1.641497039794921875e+01,-1.800238037109375000e+01,1.733039975166320801e+00,1.389593784212207028e+00,-9.450730539271565700e-01,1.201663044500779903e-01
-2.151986312866210938e+01,-1.597047042846679688e+01,1.733839988708496094e+00,1.232564193574617217e+00,-1.093425872596144766e+00,3.291805375648104159e-01
-2.225883293151855469e+01,-1.558231925964355469e+01,1.699753999710083008e+00,1.298213415712615948e+00,-1.106030125985706158e+00,2.646350107389786044e-01
-1.950980377197265625e+01,-1.701685905456542969e+01,1.828394055366516113e+00,1.318998247231007559e+00,-8.692991083295981136e-01,2.401789662097412736e-01
-1.549211692810058594e+01,-1.803883743286132812e+01,2.012505054473876953e+00,1.346853954879533521e+00,-9.316753740304650755e-01,1.435590315491826752e-01
-1.482391643524169922e+01,-1.830393981933593750e+01,1.743378043174743652e+00,1.297033500126129502e+00,-9.084978229248565906e-01,2.039013589018827677e-01
-1.390266895294189453e+01,-1.822322273254394531e+01,1.869704008102416992e+00,1.300281750565628780e+00,-9.506021968907872877e-01,1.999661628082231024e-01
-1.318243598937988281e+01,-1.844296646118164062e+01,1.724784016609191895e+00,1.287119472777181084e+00,-9.512843126830713425e-01,2.108421231061858581e-01
-1.233921813964843750e+01,-1.847884750366210938e+01,1.774631023406982422e+00,1.274805053200696925e+00,-9.721408282479077068e-01,2.086105398427348101e-01
-1.153129863739013672e+01,-1.854832839965820312e+01,1.807577013969421387e+00,1.265241929747838556e+00,-9.340411836076893959e-01,2.260157869284954435e-01
-1.070330524444580078e+01,-1.843922615051269531e+01,1.876606941223144531e+00,1.284591877754534872e+00,-9.510993546586408165e-01,2.219433577207125807e-01
-9.931182861328125000e+00,-1.868019866943359375e+01,1.687523961067199707e+00,1.325511098869013304e+00,-8.812019782080435792e-01,1.566097208447382316e-01
-9.085261344909667969e+00,-1.860986518859863281e+01,1.823413014411926270e+00,1.289583998382455743e+00,-8.832130372327234857e-01,2.040078965789505205e-01
-8.413352012634277344e+00,-1.881709289550781250e+01,1.798918008804321289e+00,1.308498106428514607e+00,-7.962590703878057452e-01,1.695057403822612108e-01
-7.603774070739746094e+00,-1.881799316406250000e+01,1.954586029052734375e+00,1.270137641861859956e+00,-7.858972052179297174e-01,1.957761337991218986e-01
-6.843852043151855469e+00,-1.919491577148437500e+01,1.752179980278015137e+00,1.277596516404962523e+00,-7.653330498478457811e-01,2.034574287140736848e-01
-6.092491149902343750e+00,-1.938902473449707031e+01,1.980602025985717773e+00,1.272865573042729848e+00,-7.338750117371771742e-01,1.894982504162820713e-01
-5.386178970336914062e+00,-1.975170707702636719e+01,1.851691007614135742e+00,1.307879772264028073e+00,-7.094845228114936564e-01,1.745597493000243527e-01
-4.598478794097900391e+00,-2.001125144958496094e+01,1.890012025833129883e+00,1.276820475109506248e+00,-7.465091919611337445e-01,1.793043646501852606e-01
-3.963772058486938477e+00,-2.031234169006347656e+01,1.893777966499328613e+00,1.322884593378192308e+00,-7.069164956832588720e-01,1.395660908121585386e-01
-3.253334999084472656e+00,-2.048018836975097656e+01,1.889798045158386230e+00,1.326430627647389837e+00,-7.036289167642516551e-01,1.255042845396117379e-01
-2.470283031463623047e+00,-2.077415847778320312e+01,1.759758949279785156e+00,1.313919470565151348e+00,-6.499208586422682288e-01,1.298979212351588364e-01
-2.298004913330078125e+01,-1.522904777526855469e+01,1.661613941192626953e+00,1.260652235038677960e+00,-1.196784973661495499e+00,2.981301597702271655e-01
-2.366095733642578125e+01,-1.485244274139404297e+01,1.744995951652526855e+00,1.255671027762965020e+00,-1.124858698763609555e+00,3.139493056889023914e-01
-1.910128951072692871e+00,-2.086294937133789062e+01,1.822718024253845215e+00,1.301191059227967184e+00,-5.794950097029056835e-01,1.290129108598261076e-01
-1.131067037582397461e+00,-2.108428382873535156e+01,1.874709010124206543e+00,1.308008185778444910e+00,-5.907083694515262717e-01,1.422835686297591606e-01
-3.182910084724426270e-01,-2.104491615295410156e+01,1.979468941688537598e+00,1.322297628058143548e+00,-5.689094280340948329e-01,1.466414891376401908e-01
4.427289962768554688e-01,-2.127757453918457031e+01,1.786214947700500488e+00,1.324078172606466541e+00,-6.082053731052137202e-01,1.150117259703407613e-01
1.329110980033874512e+00,-2.128541564941406250e+01,1.849225997924804688e+00,1.330276248097986169e+00,-5.943509107003549508e-01,8.402590933519550609e-02
2.011176109313964844e+00,-2.149699401855468750e+01,1.749186038970947266e+00,1.358186631247094489e+00,-5.449573228205426556e-01,7.833738762325395677e-02
2.763441085815429688e+00,-2.157030487060546875e+01,1.823127985000610352e+00,1.384075373402055886e+00,-5.408202465181184415e-01,5.549501496054237704e-02
3.512888908386230469e+00,-2.179668617248535156e+01,1.668699979782104492e+00,1.337366555307038629e+00,-5.603782776731290882e-01,1.093987911892739112e-01
4.324028015136718750e+00,-2.199692344665527344e+01,1.791972994804382324e+00,1.381596460936416193e+00,-5.486250245777171131e-01,6.836947278468932798e-02
5.062082767486572266e+00,-2.213585090637207031e+01,1.807265996932983398e+00,1.382625127627081785e+00,-5.697013018306668064e-01,6.868752740534092571e-02
5.871244907379150391e+00,-2.214551353454589844e+01,1.906262040138244629e+00,1.364019713569587067e+00,-5.268181270366276703e-01,1.015414871811874814e-01
6.623528957366943359e+00,-2.228530311584472656e+01,1.907084941864013672e+00,1.343144905278909285e+00,-5.298765503160871582e-01,8.323040660722937079e-02
7.480523109436035156e+00,-2.237336730957031250e+01,1.730819940567016602e+00,1.316748214724525079e+00,-4.704862179949516054e-01,4.488789196695400219e-02
8.198708534240722656e+00,-2.246096420288085938e+01,1.748253941535949707e+00,1.334983110402212958e+00,-4.270299037395360320e-01,4.481229569093903020e-02
8.920336723327636719e+00,-2.273872375488281250e+01,1.834570050239562988e+00,1.340648609452829820e+00,-3.558983936459998443e-01,3.083820756833841048e-02
9.711602210998535156e+00,-2.279980278015136719e+01,1.608073949813842773e+00,1.319430440479119504e+00,-2.719375181731408242e-01,3.070641205891033731e-02
1.023334980010986328e+01,-2.302469635009765625e+01,1.862208008766174316e+00,1.354693544776590430e+00,-1.560369834604191652e-01,-1.264008016103553705e-02
1.113781547546386719e+01,-2.326375007629394531e+01,1.980607032775878906e+00,1.351737802465554195e+00,-1.480689909691424722e-01,6.895536831899778951e-03
1.191563987731933594e+01,-2.357607078552246094e+01,1.714673042297363281e+00,1.361381592323130274e+00,-9.428554290289090090e-02,-3.808858594855997395e-03
1.260837268829345703e+01,-2.374797630310058594e+01,1.845003008842468262e+00,1.358626465506188374e+00,-4.346490786747184143e-02,-1.416581563772292308e-02
1.323686408996582031e+01,-2.413228225708007812e+01,1.828876018524169922e+00,1.384953612004957701e+00,-7.185612112024029885e-02,-9.628426407704161055e-03
1.372776317596435547e+01,-2.440489768981933594e+01,2.025082111358642578e+00,1.360875293056418300e+00,-4.082283161389996945e-02,-6.013450639302155704e-02
1.462885856628417969e+01,-2.477726364135742188e+01,1.881960034370422363e+00,1.406253563915896843e+00,-5.386864215039673109e-02,-3.468591082388641084e-02
1.516193485260009766e+01,-2.506491470336914062e+01,2.094404935836791992e+00,1.384338390792910989e+00,-4.979183585514265764e-02,-1.367375189886905519e-02
1.588510513305664062e+01,-2.552793693542480469e+01,1.877668023109436035e+00,1.363811269132363169e+00,3.457049403215410599e-02,-1.354805814101224526e-02
1.654291343688964844e+01,-2.573237991333007812e+01,2.042813062667846680e+00,1.323756847905471767e+00,-1.765628066609068944e-02,1.726295580809390773e-02
1.787778091430664062e+01,-2.605691528320312500e+01,1.943284988403320312e+00,1.376373502130026738e+00,5.796157330781567113e-02,3.055544581183746930e-02
1.720259284973144531e+01,-2.596424674987792969e+01,1.917685985565185547e+00,1.364529318564263738e+00,8.428531414752790663e-02,2.766129565431465348e-02
1.880497360229492188e+01,-2.622979164123535156e+01,1.945266008377075195e+00,1.390700184248748306e+00,1.037364193297848070e-01,4.596395526959422273e-02
1.958445167541503906e+01,-2.632468986511230469e+01,1.993556976318359375e+00,1.381588294586742816e+00,2.215582927591612517e-01,1.821167767881141757e-03
2.101963424682617188e+01,-2.643908882141113281e+01,1.905364990234375000e+00,1.357629223811758434e+00,2.183818330605329372e-01,-2.016315177359305488e-02
2.028475761413574219e+01,-2.655408859252929688e+01,1.704921007156372070e+00,1.391829512635752053e+00,2.627190614488335574e-01,1.086903835162021832e-02
-1.296026992797851562e+01,-1.774506187438964844e+01,1.905140995979309082e+00,1.511272314832107222e+00,-7.941687887842882043e-01,4.485203167579505934e-02
-1.096442222595214844e+01,-1.800309562683105469e+01,1.948263049125671387e+00,1.534269454826051815e+00,-7.265391808475888391e-01,4.563116527442911269e-02
-9.017906188964843750e+00,-1.833912086486816406e+01,1.861857056617736816e+00,1.475289836894989604e+00,-6.893310790565898571e-01,7.560919536524052242e-02
-1.495406341552734375e+01,-1.733613586425781250e+01,1.834820032119750977e+00,1.466146826470829723e+00,-8.704318130802770614e-01,9.095947651690709790e-02
-7.087590217590332031e+00,-1.869258308410644531e+01,2.015063047409057617e+00,1.471638120351505652e+00,-7.428182074840200544e-01,7.209574497269592708e-02
2.184306144714355469e+01,-2.631804084777832031e+01,1.971261978149414062e+00,1.372004336251082535e+00,1.226237720094953132e-01,-1.821277202617512317e-02
2.271998023986816406e+01,-2.611078453063964844e+01,2.017997980117797852e+00,1.361114208231576805e+00,1.135251228092142711e-01,1.897965568529642183e-02
2.401029586791992188e+01,-2.644099044799804688e+01,2.054388046264648438e+00,1.354625491556053607e+00,1.271851437924692019e-01,-3.639440652278618654e-02
-2.471092987060546875e+01,-1.466728401184082031e+01,1.646101951599121094e+00,1.026290571150826558e+00,-1.128672106476079406e+00,5.232364924526292649e-01
-2.530614471435546875e+01,-1.408082675933837891e+01,1.784188032150268555e+00,1.155542326308957479e+00,-9.942057234165301294e-01,3.868912505301691507e-01
-2.606978034973144531e+01,-1.388323688507080078e+01,1.650104999542236328e+00,1.107364709567084438e+00,-9.930229471740532610e-01,4.350219389086807942e-01
-2.681951713562011719e+01,-1.374724006652832031e+01,1.462270975112915039e+00,1.208527078828966372e+00,-9.974520398787743991e-01,3.392057832983871868e-01
-2.757246017456054688e+01,-1.369030570983886719e+01,1.494321942329406738e+00,1.108377543055315551e+00,-1.089662542207063600e+00,4.228224842749087609e-01
-2.846304130554199219e+01,-1.366606140136718750e+01,1.594805002212524414e+00,1.157421276627759621e+00,-1.030756237535703113e+00,3.787818010814431591e-01
-2.926954460144042969e+01,-1.372849464416503906e+01,1.594069004058837891e+00,1.157848219098823073e+00,-1.027687697134242573e+00,3.764284263890856352e-01
-2.984560966491699219e+01,-1.387318706512451172e+01,1.498556017875671387e+00,1.228394350380686673e+00,-1.017362528657582255e+00,3.264231069061034884e-01
-3.061396980285644531e+01,-1.400308322906494141e+01,1.596305012702941895e+00,1.130452447439076691e+00,-1.046335922152627163e+00,3.829467095105007490e-01
-3.141542243957519531e+01,-1.400966453552246094e+01,1.546501040458679199e+00,1.192047200949134300e+00,-1.001418871885080275e+00,3.139874013001972552e-01
-3.215127563476562500e+01,-1.428674125671386719e+01,1.375208973884582520e+00,1.154016785321716920e+00,-1.082493988662264428e+00,3.648831217749858857e-01
-3.290315628051757812e+01,-1.454898834228515625e+01,1.464913964271545410e+00,1.167736738912765748e+00,-1.079628759968496166e+00,3.554012986056896972e-01
-3.351857757568359375e+01,-1.464579582214355469e+01,1.648172974586486816e+00,1.119276884089913660e+00,-1.088178991561249420e+00,3.954471048015045231e-01
-3.418713760375976562e+01,-1.477316570281982422e+01,1.807014942169189453e+00,1.231070468958875841e+00,-1.073007550133361132e+00,2.861776035099167781e-01
-3.502690124511718750e+01,-1.527881908416748047e+01,1.539847970008850098e+00,1.189756456534022400e+00,-1.079365210405253350e+00,3.253198959632357945e-01
-3.565094757080078125e+01,-1.530622482299804688e+01,1.702726960182189941e+00,1.202581774110509150e+00,-1.100321204347658455e+00,3.172708290426244915e-01
-3.618755722045898438e+01,-1.528316211700439453e+01,1.818984985351562500e+00,1.286839830672063201e+00,-1.079361800020057327e+00,2.419855548743637952e-01
-3.691007232666015625e+01,-1.567990207672119141e+01,1.612457036972045898e+00,1.161710726603955024e+00,-1.170302650525888444e+00,3.637161031675993916e-01
-3.757973098754882812e+01,-1.582691192626953125e+01,1.658314943313598633e+00,1.180894565735151946e+00,-1.159428151969121190e+00,3.546489804226149456e-01
-3.832872772216796875e+01,-1.603705978393554688e+01,1.684635043144226074e+00,1.157189825938217398e+00,-1.164690514063728255e+00,3.615509220429153348e-01
-3.875468826293945312e+01,-1.618498992919921875e+01,1.624089956283569336e+00,1.264566102684335114e+00,-1.187375465936892915e+00,2.744125321971812581e-01
-3.900354766845703125e+01,-1.629421806335449219e+01,1.547186970710754395e+00,1.305072632264266286e+00,-1.210439288011313508e+00,2.421163287906814288e-01
-3.898765182495117188e+01,-1.633362388610839844e+01,1.408048987388610840e+00,1.294403517788926372e+00,-1.217918688985834663e+00,2.438249222678467720e-01
-3.911457443237304688e+01,-1.643414688110351562e+01,1.580481052398681641e+00,1.299069324580096829e+00,-1.225581702662933425e+00,2.449333804739639020e-01
1.848700904846191406e+01,-2.459616661071777344e+01,1.877997994422912598e+00,1.426960459220321553e+00,2.295600639980283075e-01,-2.865033241562672545e-03
5.025770068168640137e-01,-2.047606849670410156e+01,1.989070057868957520e+00,1.441896733477164849e+00,-5.492446306036782300e-01,7.975409818652509641e-02
2.331192970275878906e+00,-2.102612686157226562e+01,1.884274005889892578e+00,1.446623631888444450e+00,-5.048566473751874284e-01,6.256955769259589517e-02
-5.101734161376953125e+00,-1.909855079650878906e+01,1.921939015388488770e+00,1.506877531644662316e+00,-6.915496153208928742e-01,7.204417333488578878e-02
-3.333102941513061523e+00,-1.969075775146484375e+01,1.965271949768066406e+00,1.443736321550233015e+00,-6.171722768341946219e-01,9.997586255408678901e-02
1.971631431579589844e+01,-2.509348869323730469e+01,1.926848053932189941e+00,1.432610546763649850e+00,2.803182447724123505e-01,-3.451215410589925786e-02
2.099033164978027344e+01,-2.539633178710937500e+01,1.917402029037475586e+00,1.440023579497094808e+00,3.167108354828891414e-01,-7.437974606302359681e-02
1.571378803253173828e+01,-2.389076042175292969e+01,2.045089960098266602e+00,1.460589004904683907e+00,1.540681061604435576e-01,4.670594785355816972e-03
4.074920177459716797e+00,-2.153148651123046875e+01,2.119677066802978516e+00,1.462415460567520142e+00,-3.246734885942529347e-01,5.013482833896165322e-03
2.493361091613769531e+01,-2.651486015319824219e+01,1.558637022972106934e+00,1.313876277842096263e+00,3.825366586627671622e-02,-1.335658143157293989e-02
2.553167152404785156e+01,-2.635788345336914062e+01,1.756772041320800781e+00,1.304480287136088990e+00,9.964293142652799751e-02,2.802671609656995008e-02
-1.345000028610229492e+00,-2.011020660400390625e+01,1.879714965820312500e+00,1.492197920416595380e+00,-6.136678156918605742e-01,8.465975641594275514e-02
2.218249130249023438e+01,-2.581667327880859375e+01,1.921311974525451660e+00,1.451923933141205492e+00,3.747851436041656492e-01,-4.239764913121901041e-02
2.317846107482910156e+01,-2.618221473693847656e+01,2.059261083602905273e+00,1.456130369589045070e+00,3.900398806430458443e-01,-4.016747877002881106e-02
2.781606101989746094e+01,-2.571317863464355469e+01,1.874889016151428223e+00,1.366821082393786968e+00,1.806941894526576942e-01,-6.800707687210531815e-02
2.817180824279785156e+01,-2.550652694702148438e+01,1.822525024414062500e+00,1.388439178841571975e+00,2.061881651646948477e-01,-5.373609553228968910e-02
2.887353897094726562e+01,-2.503501892089843750e+01,1.813796997070312500e+00,1.367262440392257083e+00,1.684807990319070747e-01,-5.969365252467104949e-02
2.951900863647460938e+01,-2.479558372497558594e+01,1.754096984863281250e+00,1.400920078805204527e+00,3.468394197402011603e-01,-7.038774828254860949e-02
3.003166770935058594e+01,-2.413544845581054688e+01,1.739405989646911621e+00,1.367983815995065022e+00,3.891264174486075422e-01,-1.265646500862393220e-01
3.057383728027343750e+01,-2.350423240661621094e+01,1.746392965316772461e+00,1.404684323662549916e+00,5.169140424347408169e-01,-1.454282836152462899e-01
3.139692687988281250e+01,-2.266695404052734375e+01,1.693397998809814453e+00,1.432927163223652878e+00,5.173707275626594493e-01,-1.321906393362143051e-01
3.067372322082519531e+01,-2.314431762695312500e+01,1.590409040451049805e+00,1.431877929959427309e+00,4.932386017915070253e-01,-1.313689591614348451e-01
3.189046669006347656e+01,-2.226594543457031250e+01,1.830870985984802246e+00,1.417905791090730450e+00,5.428956038310137622e-01,-9.813514749933227588e-02
3.224884033203125000e+01,-2.192112731933593750e+01,1.889032959938049316e+00,1.443970575825725300e+00,5.567171991282857668e-01,-9.999104947420742184e-02
2.398598861694335938e+01,-2.647869873046875000e+01,2.105895996093750000e+00,1.560827163168122089e+00,3.667896054921300220e-01,-2.130739370143134789e-02
9.190720558166503906e+00,-2.290333747863769531e+01,2.018002033233642578e+00,1.438249082445913096e+00,-1.185955485716126967e-01,3.963867677475652745e-02
1.261584758758544922e+01,-2.344413566589355469e+01,1.845602035522460938e+00,1.510710974946390950e+00,2.470865053541751108e-02,-3.324705281041223648e-02
2.910602188110351562e+01,-2.813339805603027344e+01,1.703109979629516602e+00,1.370676838461540203e+00,5.778203503955753328e-01,-1.053166006694206402e-01
7.578896999359130859e+00,-2.230333709716796875e+01,2.036417961120605469e+00,1.482093329412323524e+00,-2.000559503568264119e-01,2.282090587010314822e-02
5.738533973693847656e+00,-2.198933410644531250e+01,1.923081040382385254e+00,1.450925690004131186e+00,-1.675554900239736300e-01,-4.318415776630091761e-03
2.671680259704589844e+01,-2.804494857788085938e+01,1.993960976600646973e+00,1.539738058123636621e+00,4.876641583209685993e-01,-1.071426542225110273e-01
2.742837333679199219e+01,-2.817652511596679688e+01,1.800161957740783691e+00,1.529137233773230520e+00,5.598883876267726212e-01,-9.541001546891181295e-02
2.828381347656250000e+01,-2.840685844421386719e+01,1.991714954376220703e+00,1.469338318676263633e+00,6.284207120159093218e-01,-9.325292038068315470e-02
1.694249725341796875e+01,-2.447837829589843750e+01,1.913141012191772461e+00,1.480324057261521276e+00,2.520486146962979679e-01,1.305688050627279440e-02
2.488555335998535156e+01,-2.714663314819335938e+01,1.919669032096862793e+00,1.588591883495596324e+00,4.093364203558549907e-01,-4.833244712204934346e-02
2.429533958435058594e+01,-2.692277145385742188e+01,1.820971965789794922e+00,1.596014793697712930e+00,3.759313001563590606e-01,-5.988627914106805367e-02
3.143508529663085938e+01,-2.789402389526367188e+01,2.012605905532836914e+00,1.433231370024043549e+00,6.478822884710037089e-01,-6.886624448446862501e-02
3.279844665527343750e+01,-2.780942916870117188e+01,1.833719015121459961e+00,1.504587778946196774e+00,5.510126526349297116e-01,-1.205368951760226598e-02
2.653617286682128906e+01,-2.789472770690917969e+01,1.986256003379821777e+00,1.536767675306034864e+00,4.332805578739106767e-01,-8.028550886957591670e-02
3.425071334838867188e+01,-2.828491973876953125e+01,1.820037007331848145e+00,1.517811426625379045e+00,6.063785390072533588e-01,-7.906651144294672348e-03
2.325143432617187500e+01,-2.647985839843750000e+01,1.510365009307861328e+00,1.338734968854395913e+00,3.267114282221745408e-02,2.249469931663292468e-02
2.711436271667480469e+01,-2.625057029724121094e+01,1.914345979690551758e+00,1.342293980349215099e+00,2.439173475446763939e-01,-3.859710546220340016e-02
1.074307441711425781e+01,-2.319456863403320312e+01,2.038243055343627930e+00,1.503250010265568148e+00,-4.453825301000712694e-02,-2.522930580948874388e-02
3.582339859008789062e+01,-2.863713645935058594e+01,1.865743994712829590e+00,1.466938041124830949e+00,6.540323720961891407e-01,-6.416409457517209536e-02
3.047698020935058594e+01,-2.782301902770996094e+01,2.097213983535766602e+00,1.423360001014694065e+00,7.228611486733760305e-01,-1.453947870500632844e-01
2.974993324279785156e+01,-2.808182716369628906e+01,1.866482973098754883e+00,1.484279014679533049e+00,7.495440161309391280e-01,-1.305404462382793729e-01
1.406662368774414062e+01,-2.401219940185546875e+01,1.956258058547973633e+00,1.490930774161933758e+00,2.519567225491506357e-01,-2.682483531662070014e-02
3.739111328125000000e+01,-2.885756683349609375e+01,1.904554963111877441e+00,1.367885848302129226e+00,6.425098346399520377e-01,-1.217585169325888644e-01
3.905288314819335938e+01,-2.907067489624023438e+01,1.786923050880432129e+00,1.411692152816687029e+00,6.435768386451727885e-01,-1.274383013406681919e-01
4.083568954467773438e+01,-2.996426582336425781e+01,1.676046013832092285e+00,1.426980417244284149e+00,6.970265899471007609e-01,-1.349522188833073566e-01
4.259355926513671875e+01,-3.032525062561035156e+01,1.653049945831298828e+00,1.386955370133275300e+00,7.812442547507524315e-01,-1.550530875862721480e-01
4.426171875000000000e+01,-3.012401962280273438e+01,1.829270958900451660e+00,1.422176850383933155e+00,7.706090644892291674e-01,-1.485594683016183137e-01
4.607791137695312500e+01,-3.098813438415527344e+01,1.636235952377319336e+00,1.423190121223700810e+00,8.456159967398207966e-01,-1.511931979883195665e-01
4.781872177124023438e+01,-3.109573936462402344e+01,1.865445971488952637e+00,1.438763129226360515e+00,8.667194085977042439e-01,-1.008495062070033366e-01
4.968600845336914062e+01,-3.154204177856445312e+01,1.641932964324951172e+00,1.449128543631774013e+00,8.371301498397851759e-01,-1.022463231547009743e-01
5.123688125610351562e+01,-3.181455802917480469e+01,1.816354036331176758e+00,1.442595520096561224e+00,8.845169440131457339e-01,-9.193571769137531824e-02
5.295172500610351562e+01,-3.251153182983398438e+01,1.649875998497009277e+00,1.491130287353163331e+00,8.256800635505568975e-01,-4.414558284435995267e-02
5.470790481567382812e+01,-3.278549194335937500e+01,1.667338013648986816e+00,1.433295845692455828e+00,8.645862537753227217e-01,-1.288442357241670333e-01
5.637668991088867188e+01,-3.355504608154296875e+01,1.620394945144653320e+00,1.392234592856665509e+00,8.838691959893374417e-01,-1.376898644792713677e-01
5.806088638305664062e+01,-3.356893539428710938e+01,1.935799002647399902e+00,1.428895787708744258e+00,8.590446290661343243e-01,-1.772337240430041927e-01
5.948064041137695312e+01,-3.430141067504882812e+01,1.546710968017578125e+00,1.363213686327217733e+00,8.487407164698276274e-01,-2.042139471897589653e-01
6.093741607666015625e+01,-3.476991271972656250e+01,1.520846009254455566e+00,1.367264083477946368e+00,8.723669198790631185e-01,-1.829827708590131274e-01
6.264264678955078125e+01,-3.535938644409179688e+01,1.506508946418762207e+00,1.456945628439730855e+00,8.798670171402439566e-01,-1.137539063478586188e-01
2.654286766052246094e+01,-2.661212921142578125e+01,1.990188956260681152e+00,1.312289378329432044e+00,1.652101124528533860e-01,2.493666614263392173e-02
6.542089843750000000e+01,-3.566484832763671875e+01,1.474799036979675293e+00,1.492083875585768826e+00,9.005394777490267622e-01,-6.288465434077117333e-02
6.547467803955078125e+01,-3.543683624267578125e+01,1.599990010261535645e+00,1.494765805614357790e+00,9.052829125761426843e-01,-5.776617724182882968e-02
6.551511383056640625e+01,-3.539752960205078125e+01,1.718850016593933105e+00,1.496983101306013531e+00,9.162766740423005096e-01,-5.422767503288478813e-02
6.515682983398437500e+01,-3.563257217407226562e+01,1.626711010932922363e+00,1.480817136805957945e+00,9.506785023754871222e-01,-5.471259220236183995e-02
6.405342864990234375e+01,-3.568447113037109375e+01,1.511922001838684082e+00,1.459369645106568969e+00,9.453690598236939024e-01,-9.354173027067788637e-02
2.582261085510253906e+01,-2.792354011535644531e+01,1.942433953285217285e+00,1.464259299116809521e+00,5.078378285183464680e-01,-1.236696365930054775e-01
2.527076721191406250e+01,-2.759083175659179688e+01,1.964342951774597168e+00,1.530088660296422098e+00,4.679570711425022900e-01,-9.541640532243898798e-02
-1.088065242767333984e+01,-1.951541519165039062e+01,1.592769026756286621e+00,1.407597181525371832e+00,-7.404686490991977399e-01,8.786996658587038767e-02
-1.001330757141113281e+01,-1.946590232849121094e+01,1.787279009819030762e+00,1.438319966483828649e+00,-7.770009001287998540e-01,7.951192244035393264e-02
-9.307181358337402344e+00,-1.977974891662597656e+01,1.694278001785278320e+00,1.456178464445937903e+00,-8.164094576747694676e-01,6.637506037666282555e-02
-1.162424278259277344e+01,-1.933828163146972656e+01,1.814679980278015137e+00,1.422211284212980820e+00,-7.371336479106842532e-01,1.044644384148980254e-01
-8.519983291625976562e+00,-1.977467155456542969e+01,1.733770012855529785e+00,1.462601122620104332e+00,-8.238094061448998362e-01,3.873984338676977890e-02
-6.954472064971923828e+00,-2.008319282531738281e+01,1.722779035568237305e+00,1.452319195556591280e+00,-7.941745717142361105e-01,4.925504719856065028e-02
-7.707131862640380859e+00,-2.005966758728027344e+01,1.770921945571899414e+00,1.475744003519363190e+00,-8.292843620501402224e-01,1.538350563234460941e-02
-1.305728816986083984e+01,-1.903097343444824219e+01,1.810387015342712402e+00,1.471088634604061252e+00,-7.829206179467564919e-01,3.001556405988949419e-02
-1.243157005310058594e+01,-1.940261840820312500e+01,1.431983947753906250e+00,1.381393891110875849e+00,-7.364917390667946595e-01,1.205873050135496394e-01
-1.395378875732421875e+01,-1.920725631713867188e+01,1.497858047485351562e+00,1.405543797663959982e+00,-8.096704913907538659e-01,6.753303165797663876e-02
-1.467440319061279297e+01,-1.885112190246582031e+01,1.782683014869689941e+00,1.420229320662059092e+00,-8.253576842229389809e-01,8.935694313850095494e-02
-1.544694042205810547e+01,-1.871921730041503906e+01,1.735134959220886230e+00,1.406984079271341281e+00,-8.721922997476961870e-01,8.622913886702031350e-02
-6.066286087036132812e+00,-2.041923713684082031e+01,1.716881990432739258e+00,1.474685406619598238e+00,-7.930275810625566635e-01,1.788196341740629428e-02
-5.262388229370117188e+00,-2.034573936462402344e+01,1.692533969879150391e+00,1.455303122589617804e+00,-7.504686122954621341e-01,2.766995380379909039e-02
-4.416380882263183594e+00,-2.056827354431152344e+01,1.631510972976684570e+00,1.450368610552757120e+00,-7.415155689078531953e-01,2.100773295864910920e-02
-3.555697917938232422e+00,-2.052099418640136719e+01,1.779623031616210938e+00,1.499340026400646897e+00,-6.998228542744913128e-01,2.255857015960673756e-02
-2.805891990661621094e+00,-2.107232093811035156e+01,1.714146018028259277e+00,1.438399951786385467e+00,-7.061577773610325792e-01,5.946350746439910302e-03
-1.987490057945251465e+00,-2.089049339294433594e+01,1.861636042594909668e+00,1.477501981602307612e+00,-6.761595424922614006e-01,2.433885650667796247e-02
-1.179255962371826172e+00,-2.133503150939941406e+01,1.667384982109069824e+00,1.454487850631753121e+00,-6.507818209229565554e-01,1.968773641460302634e-02
-3.704760074615478516e-01,-2.125527572631835938e+01,1.828279018402099609e+00,1.462238444014622551e+00,-6.404342765688175731e-01,3.093214723801095134e-02
3.790130019187927246e-01,-2.166974067687988281e+01,1.625053048133850098e+00,1.424258239443924046e+00,-6.577593667454315618e-01,4.380997286471063901e-02
1.083505988121032715e+00,-2.172665023803710938e+01,1.746659994125366211e+00,1.416675217190549896e+00,-6.352821611407463154e-01,7.262525324150648220e-02
1.947420001029968262e+00,-2.199503326416015625e+01,1.539901018142700195e+00,1.459234491427952918e+00,-5.925247152975292586e-01,3.096434679743893109e-02
2.661493062973022461e+00,-2.192987442016601562e+01,1.822723984718322754e+00,1.530999940065777221e+00,-5.284470421425575548e-01,1.280650827438813491e-02
-1.617154121398925781e+01,-1.848880767822265625e+01,1.798853993415832520e+00,1.512501152875100452e+00,-8.712988201497955387e-01,-3.604636687791514665e-02
3.411406993865966797e+00,-2.225206565856933594e+01,1.669250011444091797e+00,1.496113028960009528e+00,-4.484152662986088389e-01,-1.052733373102867666e-02
4.161118030548095703e+00,-2.240413093566894531e+01,2.041326999664306641e+00,1.473450794959070942e+00,-4.151898359293706431e-01,-7.018459550578274274e-03
4.971774101257324219e+00,-2.248797798156738281e+01,1.735610008239746094e+00,1.400092089168231801e+00,-4.259376194644878821e-01,2.759300616810855811e-02
5.595621109008789062e+00,-2.265782928466796875e+01,1.909706950187683105e+00,1.395345765091900780e+00,-3.295125216663333800e-01,2.540752357488685470e-02
6.523832798004150391e+00,-2.299699211120605469e+01,1.849588036537170410e+00,1.371118495363251144e+00,-3.206628368320512679e-01,2.320933745428739245e-02
7.166670799255371094e+00,-2.305388832092285156e+01,2.065908908843994141e+00,1.393230309865950867e+00,-3.533043290037145567e-01,2.180666817281553052e-02
7.944351196289062500e+00,-2.331979179382324219e+01,1.512887001037597656e+00,1.348023464663221205e+00,-3.399262832585434047e-01,4.139746960324428710e-02
8.768097877502441406e+00,-2.363717842102050781e+01,1.859119057655334473e+00,1.377163999482660328e+00,-3.053885807025084054e-01,2.246537031462489051e-02
9.475024223327636719e+00,-2.379967117309570312e+01,1.902305006980895996e+00,1.374125766448672570e+00,-3.314011481705294027e-01,4.209667252439519558e-02
1.024205970764160156e+01,-2.399252891540527344e+01,1.948129057884216309e+00,1.368798565818457380e+00,-3.265907234058618158e-01,3.374040659362191608e-03
1.104938793182373047e+01,-2.429277610778808594e+01,1.633273005485534668e+00,1.341656113485549362e+00,-2.978496913287704273e-01,2.270773753980758966e-02
1.175728321075439453e+01,-2.456769561767578125e+01,1.973605036735534668e+00,1.369674497002209446e+00,-2.434001547730562931e-01,3.180098191548869080e-02
1.252968883514404297e+01,-2.481696128845214844e+01,1.796000003814697266e+00,1.370171231807563617e+00,-1.672412123707243126e-01,4.264279296893327964e-02
1.501827716827392578e+01,-2.545099830627441406e+01,1.829681992530822754e+00,1.393776787858084454e+00,1.198976062657649243e-02,-2.275086185672164224e-03
1.428271484375000000e+01,-2.529958534240722656e+01,1.769999027252197266e+00,1.388689973151408852e+00,-1.251609647799351299e-01,4.732627083890782876e-02
-1.704054069519042969e+01,-1.850695037841796875e+01,1.386512041091918945e+00,1.469114961956445864e+00,-8.870984514075618277e-01,-1.268245525729112810e-02
-1.777380752563476562e+01,-1.824723243713378906e+01,1.645730972290039062e+00,1.479321040579592905e+00,-8.992190196147602510e-01,2.017604552704354084e-02
-1.848260307312011719e+01,-1.806430816650390625e+01,1.507601976394653320e+00,1.422321026403635891e+00,-9.343427821174418169e-01,6.885257706610840855e-02
-1.922574996948242188e+01,-1.782804679870605469e+01,1.781465053558349609e+00,1.464362539951293618e+00,-9.395753955148854475e-01,4.995857225573765992e-02
-2.013154411315917969e+01,-1.789309310913085938e+01,1.482646942138671875e+00,1.398371032501269040e+00,-9.332680970901114925e-01,1.014595009673620041e-01
-2.076409721374511719e+01,-1.758869934082031250e+01,1.747531056404113770e+00,1.455129500531070486e+00,-9.401868168961302619e-01,2.449853862817171976e-02
-2.164355659484863281e+01,-1.767484474182128906e+01,1.581228017807006836e+00,1.432897243057599246e+00,-9.408685626698107818e-01,5.165100750889970588e-02
-2.233204460144042969e+01,-1.731118011474609375e+01,1.835564970970153809e+00,1.433460331432025558e+00,-9.294817450158634475e-01,3.741764503416426801e-02
-2.320545768737792969e+01,-1.748849487304687500e+01,1.697514057159423828e+00,1.404344446976766303e+00,-9.345160965088401550e-01,7.072857377749722230e-02
-2.559252166748046875e+01,-1.698655128479003906e+01,1.710338950157165527e+00,1.372913635134454191e+00,-1.013821868049332497e+00,1.268953112848744957e-01
-2.474310302734375000e+01,-1.715652084350585938e+01,1.632755994796752930e+00,1.401864620220537594e+00,-9.618665492737547007e-01,1.211190929717401166e-01
-2.628151321411132812e+01,-1.677648544311523438e+01,1.504827976226806641e+00,1.387473832164217269e+00,-1.017700100962059651e+00,1.071203137798055621e-01
-2.390807533264160156e+01,-1.713785934448242188e+01,1.732056975364685059e+00,1.444259177968112651e+00,-9.421796377028881508e-01,7.375415734177663551e-02
-2.775917053222656250e+01,-1.634239578247070312e+01,1.650982975959777832e+00,1.386907010137721885e+00,-1.048184821257538424e+00,1.400871258999717428e-01
-2.694320297241210938e+01,-1.638690185546875000e+01,1.818912982940673828e+00,1.409504790439174204e+00,-1.048498845067411978e+00,1.122814158461934164e-01
-2.845111083984375000e+01,-1.609944343566894531e+01,1.906412959098815918e+00,1.415477676602322710e+00,-1.047616215734118450e+00,1.175329788301112399e-01
-2.932646179199218750e+01,-1.599875736236572266e+01,1.653885006904602051e+00,1.377341351778929690e+00,-1.019183705199946166e+00,1.516789535878634021e-01
-2.997504997253417969e+01,-1.567087078094482422e+01,1.755439043045043945e+00,1.382719808763019920e+00,-1.066548452228881727e+00,1.519771192342073973e-01
-3.079987716674804688e+01,-1.570729160308837891e+01,1.592149019241333008e+00,1.386290080749595477e+00,-1.069083052268433143e+00,1.503353591909978026e-01
-3.138188934326171875e+01,-1.544122028350830078e+01,1.758762001991271973e+00,1.301664780935501975e+00,-1.153508173305811235e+00,2.320967976041879155e-01
-3.238695144653320312e+01,-1.547507762908935547e+01,1.550142049789428711e+00,1.259238819327493708e+00,-1.184755976087477514e+00,2.798508953859698001e-01
-3.292298507690429688e+01,-1.525219535827636719e+01,1.780604958534240723e+00,1.263840387074556038e+00,-1.227322454930623419e+00,2.395594258427182210e-01
-3.366094207763671875e+01,-1.507917308807373047e+01,1.792348027229309082e+00,1.308054575825666310e+00,-1.179987046533366390e+00,2.426267184171131408e-01
-3.459830093383789062e+01,-1.514556026458740234e+01,1.659762024879455566e+00,1.236569033095536341e+00,-1.155134802932586746e+00,3.161984624545403633e-01
-3.490080261230468750e+01,-1.535887813568115234e+01,1.563385963439941406e+00,1.183001549895394300e+00,-1.150400603110754094e+00,3.865896692168594440e-01
-3.498910140991210938e+01,-1.552646160125732422e+01,1.403498053550720215e+00,1.144900452109963940e+00,-1.144499812112686588e+00,4.202797685099698421e-01
-3.519772338867187500e+01,-1.553234767913818359e+01,1.576305985450744629e+00,1.115598409391871826e+00,-1.144842576751129215e+00,4.644952423589566726e-01
1.588801574707031250e+01,-2.567524719238281250e+01,1.825791001319885254e+00,1.360754936539438464e+00,1.692989501793198681e-01,-1.411177164452927929e-02
1.642683029174804688e+01,-2.576964759826660156e+01,1.637295961380004883e+00,1.348057520013041355e+00,9.812446128824008074e-02,-7.512843548735274879e-02
1.730508804321289062e+01,-2.598187637329101562e+01,1.514049053192138672e+00,1.307071674782349868e+00,3.326909376744178332e-02,-5.354519667266390698e-02
1.829764938354492188e+01,-2.607209777832031250e+01,1.845427989959716797e+00,1.364846718132753489e+00,6.345776559531224326e-02,-5.350666584354146077e-02
1.911457633972167969e+01,-2.625926399230957031e+01,1.755660057067871094e+00,1.369644872062683261e+00,5.300759737525032739e-02,-1.295630139754896937e-02
1.962671852111816406e+01,-2.641475677490234375e+01,1.781599044799804688e+00,1.353891653865064937e+00,7.203032674527298784e-02,-1.797839447980030536e-02
2.047499465942382812e+01,-2.658153724670410156e+01,1.715440988540649414e+00,1.380348393359925430e+00,8.317428043948006666e-02,-1.939773582720636172e-02
2.109205245971679688e+01,-2.672745513916015625e+01,1.713237047195434570e+00,1.372830510004234172e+00,8.592146748384474342e-02,-4.827570376771230659e-02
2.191675758361816406e+01,-2.685700988769531250e+01,1.819165945053100586e+00,1.346260868628202267e+00,1.088482693866198447e-01,2.421629973922568776e-02
2.368841552734375000e+01,-2.721640586853027344e+01,1.695531010627746582e+00,1.356245826664499887e+00,2.056551245229844560e-01,-2.424735106258713024e-02
2.514619445800781250e+01,-2.757252502441406250e+01,1.399886965751647949e+00,1.293092846663837614e+00,2.431677981923635601e-01,-1.157678584923568649e-01
2.600010490417480469e+01,-2.754322624206542969e+01,1.692288994789123535e+00,1.329002933671054487e+00,2.705386548882999231e-01,-1.002184824851974076e-01
2.421760559082031250e+01,-2.732116889953613281e+01,1.673850059509277344e+00,1.352214897071161159e+00,3.103874664832806940e-01,-5.829552096476268985e-02
2.265718269348144531e+01,-2.691361427307128906e+01,1.823797941207885742e+00,1.345037472692170555e+00,1.266972582395475277e-01,-6.650636467809667440e-03
2.696862220764160156e+01,-2.789752960205078125e+01,1.960345029830932617e+00,1.304191863674081908e+00,2.921829286835948003e-01,-1.105386738972490984e-01
2.772668647766113281e+01,-2.791730880737304688e+01,1.852859020233154297e+00,1.308597104594457328e+00,3.310921378699300255e-01,-1.164475283994285959e-01
3.202125167846679688e+01,-2.855770111083984375e+01,1.767917990684509277e+00,1.366598329862042771e+00,5.498748882697024332e-01,-1.645555503578308709e-01
3.237455749511718750e+01,-2.880377388000488281e+01,1.688052058219909668e+00,1.421067676530480162e+00,5.600906433882273383e-01,-1.276612604678691032e-01
3.361975097656250000e+01,-2.912739944458007812e+01,1.744169950485229492e+00,1.350589339749349360e+00,5.715129415327908635e-01,-1.428652711403944342e-01
3.531783676147460938e+01,-2.951829338073730469e+01,1.652304053306579590e+00,1.393560416393871959e+00,6.149029637345628796e-01,-1.497012954122897421e-01
3.443339538574218750e+01,-2.922064018249511719e+01,1.894530057907104492e+00,1.383794968562797489e+00,5.903249752109704929e-01,-1.560970786004308442e-01
2.947083854675292969e+01,-2.838127326965332031e+01,1.747846961021423340e+00,1.291802857587537101e+00,3.825941331088832387e-01,-1.638963083614023430e-01
3.044977569580078125e+01,-2.875648117065429688e+01,1.853762984275817871e+00,1.317124718210909595e+00,4.112931140180472456e-01,-1.691593018862584397e-01
3.103234291076660156e+01,-2.870225334167480469e+01,1.814844965934753418e+00,1.360094627683561264e+00,5.011340701014743715e-01,-1.499574343363365980e-01
3.807218933105468750e+01,-2.998343276977539062e+01,2.023823022842407227e+00,1.492142592589616124e+00,5.946168314475384076e-01,-6.584095088265297380e-02
3.869909667968750000e+01,-3.020220565795898438e+01,1.606922030448913574e+00,1.496315581425048169e+00,5.612505041562078079e-01,-9.746690720992966239e-02
3.722671890258789062e+01,-2.993178939819335938e+01,1.602856040000915527e+00,1.458846522860808737e+00,5.609900953569066928e-01,-1.214918652929103532e-01
3.662953948974609375e+01,-2.960554313659667969e+01,1.954797029495239258e+00,1.518255842089261787e+00,5.648226054242190264e-01,-9.766024191723543524e-02
3.576433563232421875e+01,-2.938277435302734375e+01,1.579625964164733887e+00,1.462307194590190429e+00,5.620780550938255793e-01,-1.386503850144033267e-01
2.856085395812988281e+01,-2.824305915832519531e+01,1.656036019325256348e+00,1.303584476108404777e+00,2.558431201915153941e-01,-9.528373062118056236e-02
4.029478073120117188e+01,-3.026204490661621094e+01,1.925529003143310547e+00,1.504664050080928295e+00,4.519278393554986839e-01,-5.242293943596595951e-02
4.104548645019531250e+01,-3.068235969543457031e+01,1.837152957916259766e+00,1.478649920571578846e+00,4.884085624069046117e-01,-4.463406243445251081e-02
3.931131362915039062e+01,-3.059043312072753906e+01,1.631193041801452637e+00,1.480047703671002468e+00,4.296707445563860417e-01,-7.860077896887271431e-02
4.150718688964843750e+01,-3.077256011962890625e+01,1.543218970298767090e+00,1.506163096829595816e+00,4.054658804432358377e-01,-4.825183668323811820e-02
4.361288070678710938e+01,-3.113163948059082031e+01,2.058775901794433594e+00,1.533289723653860070e+00,4.780939228676816533e-01,-3.726074063427946975e-02
4.258373260498046875e+01,-3.114867210388183594e+01,2.000705003738403320e+00,1.516861335891412699e+00,3.860835319566954804e-01,-4.875999264891471563e-02
4.568591690063476562e+01,-3.167466163635253906e+01,2.452373027801513672e+00,1.487086455688332531e+00,6.472509331170734903e-01,-1.338110618472289903e-01
4.484632492065429688e+01,-3.214051437377929688e+01,2.048337936401367188e+00,1.511650997358045423e+00,6.721520430719820638e-01,-1.049749120820059473e-01
4.412454223632812500e+01,-3.175950813293457031e+01,2.025404930114746094e+00,1.429429740316149111e+00,6.004534780573909103e-01,-1.535582090874546835e-01
4.745848464965820312e+01,-3.251798248291015625e+01,1.865825057029724121e+00,1.524773008380114980e+00,5.809012549939800429e-01,-3.453623196378053511e-02
4.907777786254882812e+01,-3.259297561645507812e+01,1.924934983253479004e+00,1.499621312664686457e+00,5.200501121090616019e-01,-5.011471946060326588e-02
4.861477279663085938e+01,-3.249744415283203125e+01,1.632637977600097656e+00,1.496398026450115992e+00,4.989047363793873702e-01,-6.258818015669448398e-02
4.615834045410156250e+01,-3.204036712646484375e+01,1.576982975006103516e+00,1.515867275554402482e+00,5.729992976587945375e-01,-1.337095382397305854e-01
4.701262283325195312e+01,-3.212387084960937500e+01,2.034306049346923828e+00,1.480329817371875523e+00,6.162559041999584597e-01,-1.207782409486620467e-01
5.014863967895507812e+01,-3.306028366088867188e+01,1.776466965675354004e+00,1.489546861278888246e+00,5.936750280461422502e-01,-1.057139913053956048e-01
5.050951004028320312e+01,-3.329919815063476562e+01,1.738528013229370117e+00,1.524148373131031464e+00,6.250444431678998658e-01,-7.725177190195560428e-02
5.141040802001953125e+01,-3.403527069091796875e+01,1.605123043060302734e+00,1.429686492490862548e+00,7.275555406028075822e-01,-1.507249990476239865e-01
5.228416061401367188e+01,-3.375904846191406250e+01,1.628129005432128906e+00,1.472101257635577864e+00,7.318264158557075127e-01,-1.078554121412468453e-01
5.265143966674804688e+01,-3.392701339721679688e+01,1.739614963531494141e+00,1.490108104495307062e+00,6.199141421395164553e-01,-5.080091681937672771e-02
1.316284656524658203e+01,-2.493754005432128906e+01,1.803063988685607910e+00,1.404381094119352413e+00,-1.258478796756121176e-01,2.395239603808219445e-02
5.333766937255859375e+01,-3.452812576293945312e+01,1.470149993896484375e+00,1.501600200576034494e+00,6.044103649864461802e-01,-8.861926478564513543e-02
5.434568786621093750e+01,-3.423635101318359375e+01,1.618327975273132324e+00,1.518790239024908395e+00,5.615291233059088727e-01,-4.793856993910501629e-02
5.569776535034179688e+01,-3.483998870849609375e+01,1.563338994979858398e+00,1.517957500242738345e+00,6.212621650458248768e-01,-2.514085695185389394e-02
5.495024490356445312e+01,-3.458711242675781250e+01,1.648702025413513184e+00,1.527539257137118689e+00,6.180832486628271560e-01,-3.608327112831383188e-02
5.648021316528320312e+01,-3.504302215576171875e+01,1.723075032234191895e+00,1.550492766949777890e+00,7.138776695651162241e-01,-3.813883214795315418e-02
5.723242187500000000e+01,-3.502524185180664062e+01,1.502953052520751953e+00,1.512444355934371210e+00,6.694497132808883144e-01,-5.957916033401050582e-02
5.887340927124023438e+01,-3.508100509643554688e+01,1.832640051841735840e+00,1.565036412282151179e+00,6.119756267280176409e-01,-6.704645999732516959e-02
5.795933151245117188e+01,-3.541223526000976562e+01,1.441297054290771484e+00,1.552660646362433505e+00,6.151977962085186658e-01,-4.276480918599747522e-02
5.920962524414062500e+01,-3.571303939819335938e+01,1.419191002845764160e+00,1.578418843520732029e+00,5.802225577201206574e-01,-5.244407432069898151e-02
6.076734924316406250e+01,-3.618864440917968750e+01,1.539173960685729980e+00,1.525587627101299804e+00,6.128140374477542007e-01,-3.628989373267937912e-02
6.242535781860351562e+01,-3.655084609985351562e+01,1.541782975196838379e+00,1.493463658489578183e+00,7.553711440987591619e-01,-5.696726875683822550e-02
6.297472763061523438e+01,-3.640851974487304688e+01,1.393486976623535156e+00,1.540422620318874669e+00,7.721039075480058411e-01,-6.096887849578184332e-02
6.405536651611328125e+01,-3.669600677490234375e+01,1.747079968452453613e+00,1.538583436321618647e+00,8.421382167575259814e-01,-9.283834196849115317e-02
6.451998138427734375e+01,-3.678199005126953125e+01,1.693645000457763672e+00,1.529139280694277403e+00,7.544967772749053836e-01,-9.355298609012886735e-02
5.979033660888671875e+01,-3.628988265991210938e+01,1.609195947647094727e+00,1.517668231524238909e+00,4.897882533799248761e-01,-4.595828954698868984e-02
6.538334655761718750e+01,-3.755821228027343750e+01,1.522220015525817871e+00,1.648436085057095379e+00,8.490019256676840653e-01,-4.885335250701955401e-02
6.167000961303710938e+01,-3.596414947509765625e+01,1.547626018524169922e+00,1.494885978325683373e+00,6.603245605215523062e-01,-3.013656676607479393e-02
7.204599761962890625e+01,-3.867763519287109375e+01,1.293038010597229004e+00,1.504389433800836340e+00,8.105605649433477167e-01,-7.267173420316647148e-02
7.288685607910156250e+01,-3.897154235839843750e+01,1.659427046775817871e+00,1.535108223310336806e+00,8.217157909399644966e-01,-4.564404372273353494e-02
7.340900421142578125e+01,-3.878789520263671875e+01,1.269160985946655273e+00,1.514307406385900112e+00,7.151033318587937115e-01,-1.648410819053615362e-02
7.418066406250000000e+01,-3.927269363403320312e+01,1.671056032180786133e+00,1.572843225897571529e+00,7.341035539079603378e-01,-3.471123743628263397e-02
8.880284118652343750e+01,-4.474011230468750000e+01,9.612609744071960449e-01,1.378860938889313603e+00,9.521384926742221255e-01,-2.016580617872184844e-01
8.925357055664062500e+01,-4.421059417724609375e+01,2.259423971176147461e+00,1.322078678568746168e+00,9.649997662390285003e-01,-3.270815269172747120e-01
8.797093963623046875e+01,-4.411836242675781250e+01,1.850851058959960938e+00,1.409175129090538992e+00,8.311384392006065935e-01,-1.795293058488872662e-01
8.746217346191406250e+01,-4.493249130249023438e+01,1.905784010887145996e+00,1.423989935189707401e+00,8.137548325030029561e-01,-1.818326321248937560e-01
9.044138336181640625e+01,-4.451919937133789062e+01,6.907659769058227539e-01,1.396558018542678914e+00,1.000237173981213257e+00,-2.637498692015265989e-01
8.469713592529296875e+01,-4.448497009277343750e+01,1.193426966667175293e+00,1.416279809178896620e+00,8.821377662373565132e-01,-1.055618358979156235e-01
8.551471710205078125e+01,-4.462372589111328125e+01,3.060980141162872314e-01,1.439715879970692614e+00,8.303095231223124317e-01,-8.879445232897065221e-02
8.465372467041015625e+01,-4.392432785034179688e+01,7.911260128021240234e-01,1.445331340768060135e+00,9.003609297412119572e-01,-8.715531914131285918e-02
8.998070526123046875e+01,-4.445877075195312500e+01,1.404199004173278809e+00,1.312767831751961989e+00,1.106655534357594339e+00,-3.431361753228766576e-01
9.277046966552734375e+01,-4.409590911865234375e+01,1.243756055831909180e+00,1.328048209582005867e+00,1.109477590490844268e+00,-3.764671263003206425e-01
9.391547393798828125e+01,-4.379413986206054688e+01,1.360823035240173340e+00,1.275579495585916767e+00,1.129589367447889625e+00,-3.837282361811031328e-01
9.294813537597656250e+01,-4.402600479125976562e+01,1.200078010559082031e+00,1.298394193991283529e+00,1.134405839036395580e+00,-3.390397464532950988e-01
9.411033630371093750e+01,-4.360387039184570312e+01,1.170585036277770996e+00,1.391513454237439662e+00,1.123882370902272720e+00,-2.133120696434022689e-01
9.471614074707031250e+01,-4.357040786743164062e+01,1.219342947006225586e+00,1.316008974057743641e+00,1.108833259837491703e+00,-3.147451582025232453e-01
9.531596374511718750e+01,-4.355612182617187500e+01,4.291819930076599121e-01,1.336412599531133116e+00,1.060100673846742003e+00,-2.969863390320160446e-01
7.718402099609375000e+01,-4.099886322021484375e+01,1.983616948127746582e+00,1.510290586458000295e+00,6.769502610986876112e-01,-7.603045629979417186e-02
7.613486480712890625e+01,-4.036685180664062500e+01,1.425799965858459473e+00,1.510832611400342751e+00,6.466734261727975497e-01,-7.870940296808154324e-02
7.533937072753906250e+01,-3.989754867553710938e+01,8.999230265617370605e-01,1.500066200250369741e+00,6.110793425403167056e-01,-1.008538152112275349e-01
7.496195983886718750e+01,-3.910573959350585938e+01,1.113821029663085938e+00,1.553992052059468998e+00,5.863505144250801271e-01,-6.371938767144702531e-02
7.722731018066406250e+01,-4.046679687500000000e+01,6.385779976844787598e-01,1.478338289304196529e+00,5.094061575527770724e-01,-7.601833562504028974e-02
6.754307556152343750e+01,-3.785335922241210938e+01,1.375499963760375977e+00,1.550480479018405466e+00,7.459235057847952710e-01,-7.988791517456365898e-02
6.690318298339843750e+01,-3.759702301025390625e+01,1.761870026588439941e+00,1.640022985774643338e+00,8.106218935274772663e-01,-1.575005332708992456e-02
6.834915924072265625e+01,-3.782358551025390625e+01,1.412371039390563965e+00,1.565347094531944538e+00,7.353770928667126006e-01,-9.904709092247673818e-02
6.909062957763671875e+01,-3.829572296142578125e+01,1.446949958801269531e+00,1.555780529211855834e+00,7.033125266908327733e-01,-9.841374899715765734e-02
6.987779235839843750e+01,-3.825806808471679688e+01,1.688588976860046387e+00,1.590139879042240745e+00,8.196118576610422757e-01,-7.225295661322739260e-02
7.065363311767578125e+01,-3.847283935546875000e+01,1.673463940620422363e+00,1.551125188815106082e+00,8.938149855174236658e-01,-4.994910188556755948e-02
7.134200286865234375e+01,-3.858686828613281250e+01,1.596848964691162109e+00,1.502276875308453441e+00,8.992629899483163269e-01,-5.283170799903123133e-02
6.602240753173828125e+01,-3.700968551635742188e+01,1.501345038414001465e+00,1.606005281462341339e+00,7.293860317093012746e-01,-5.507342123713724474e-02
9.162390136718750000e+01,-4.440727233886718750e+01,1.458999037742614746e+00,1.500136092001621790e+00,8.908630197881548529e-01,-2.336325342148954376e-01
9.153885650634765625e+01,-4.449398422241210938e+01,1.588876962661743164e+00,1.454271273034263512e+00,8.298907548300494819e-01,-3.022671112077641165e-01
8.243717956542968750e+01,-4.356720352172851562e+01,1.683156967163085938e+00,1.515056227081232221e+00,6.202913316785445552e-01,-2.369305868576213406e-02
8.386981964111328125e+01,-4.426924133300781250e+01,1.467334032058715820e+00,1.461235726957170966e+00,7.670215959125255001e-01,-9.884170426470728632e-02
8.630596923828125000e+01,-4.393787384033203125e+01,1.077479004859924316e+00,1.447691130689910066e+00,6.405909842700799883e-01,-1.432829143376185832e-01
7.805510711669921875e+01,-4.175719451904296875e+01,1.772415995597839355e+00,1.478432495908018396e+00,3.807035571526232176e-01,-3.742969633472946478e-02
7.849726104736328125e+01,-4.164259338378906250e+01,1.749447941780090332e+00,1.530444164305024168e+00,4.194521756249098288e-01,-8.093817495239569171e-02
9.404542541503906250e+01,-4.270622253417968750e+01,-2.738007068634033203e+00,1.337777875471578337e+00,7.027298344972467969e-01,-2.699927321702780270e-01
8.010739898681640625e+01,-4.126905822753906250e+01,1.301609992980957031e+00,1.554128315718528164e+00,4.598045241126677563e-01,-8.057542390702038260e-02
7.929323577880859375e+01,-4.217927169799804688e+01,1.537173986434936523e+00,1.561367214843864204e+00,4.362799725691984820e-01,-4.771356336725690768e-03
8.067957305908203125e+01,-4.298117065429687500e+01,1.690932989120483398e+00,1.598084052841768132e+00,5.131920486178609409e-01,1.896613503292568503e-02
8.129604339599609375e+01,-4.351499176025390625e+01,2.048094987869262695e+00,1.614464736008530688e+00,5.548491147920593392e-01,1.125049589219455359e-02
8.168888092041015625e+01,-4.372547149658203125e+01,1.541448950767517090e+00,1.523733953986576406e+00,4.838718540696863579e-01,-1.602025124062814165e-02
